Rank,Rikishi,Hoshitori,W,L
Y1e,Terunofuji,O*OO*#--------,3,3
O1e,Shodai,****O*OOOOOO*O,8,6
O1w,Takakeisho,O**OOOOO*OO****,8,7
O2w,Mitakeumi,OOOO*OOOO*O*O*O,11,4
S1e,Wakatakakage,OOO*OOOOOOOO*O,12,2
S1w,Abi,*OOOO*OO****O*O,8,7
K1e,Takanosho,*O*******O*OO**,4,11
K1w,Hoshoryu,**OO*OO***OO*OO,8,7
M1e,Daieisho,OO**OO**O***OOO,8,7
M1w,Ura,***O*******OO*O,4,11
M2e,Ichinojo,*OO*OO*O*OOOO**,9,6
M2w,Tamawashi,**O*OO*O**OO*O*,7,8
M3e,Onosho,O**O*%**O*O***O,6,9
M3w,Meisei,O**************,1,14
M4e,Kiribayama,OO*OO*O*OO*OO*O,10,5
M4w,Endo,*OO%*OO*O*O***O,8,7
M5e,Takarafuji,O******OO**O*OO,6,9
M5w,Ishiura,*O*#------***O*,2,7
M6e,Hokutofuji,**OOO**O*OO*OOO,9,6
M6w,Kotonowaka,OOO*OOOOOO**OO*,11,4
M7e,Takayasu,OOOOOOOOOO*OO**,12,3
M7w,Okinoumi,**O******OO*OO*,5,10
M8e,Chiyoshoma,OO*****O*O*O***,5,10
M8w,Sadanoumi,***O*O****O*O*O,5,10
M9e,Tobizaru,O**OO*O**O*OOOO,9,6
M9w,Wakamotoharu,*OO*OOO*O*OO**O,9,6
M10e,Shimanoumi,**OO**OOOO**O*O,8,7
M10w,Aoiyama,OO**O****OOOO**,7,8
M11e,Myogiryu,*OOO****O*O**OO,7,8
M11w,Terutsuyoshi,O*O**O%*OO**OO*,8,7
M12e,Kotoeko,*O*OOO*OOO**OO*,9,6
M12w,Chiyotairyu,O**O**O*O*O*O*O,7,8
M13e,Chiyomaru,****OOOO*****O*,5,10
M13w,Chiyonokuni,*OOOO*#----O***,5,6
M14e,Kotoshoho,O***OOOO*O*O*OO,9,6
M14w,Yutakayama,OOO*****OOOO***,7,8
M15e,Akua,**O****O**O***O,4,11
M15w,Tochinoshin,O**OOO*OOOO**O*,9,6
M16e,Nishikigi,OOO**OO*OO**OO*,9,6
M16w,Kotokuzan,*O*O*OO*O**O*O*,7,8
M17e,Kagayaki,*OOOO******OO*O,7,8
M17w,Ichiyamamoto,O*****OO**OOOOO,8,7
J1e,Oho,OO*OOOOO*O*O**O,10,5
J1w,Tsurugisho,***OOOO***OO**O,7,8
J2e,Azumaryu,*OOO*OOOO*OOO**,10,5
J2w,Hidenoumi,O*O*OO***O*OOO*,8,7
J3e,Kaisei,O*O*O*O********,4,11
J3w,Tohakuryu,*OO******OOOO*O,7,8
J4e,Asanowaka,***O***O*OO**O*,5,10
J4w,Kaisho,OO***O****OO***,5,10
J5e,Daiamami,O***O**OO**OO*O,7,8
J5w,Nishikifuji,*O****OOO***OOO,7,8
J6e,Midorifuji,OOOOO*OO*OO*OOO,12,3
J6w,Shohozan,**O****OO****O*,4,11
J7e,Mitoryu,O*OO*OOOOOO**O*,10,5
J7w,Tokushoryu,***OO**OOOO**O*,7,8
J8e,Yago,OO*OOO**O**O*O*,8,7
J8w,Daishomaru,*O***OO***O*O**,5,10
J9e,Daishoho,*OO*OO**OOO*OOO,10,5
J9w,Bushozan,O*O*O***OO***O*,6,9
J10e,Kitanowaka,OOOOOOO*OO***OO,11,4
J10w,Churanoumi,***O***OO***OO*,5,10
J11e,Hiradoumi,*O***OO***OOO*O,7,8
J11w,Enho,OOO**O*OOOOO**O,10,5
J12e,Hakuyozan,**OOO*O********,4,11
J12w,Atamifuji,O**O*OOO***O**O,7,8
J13e,Ryuden,OOOOOOOO**OOOOO,13,2
J13w,Shimazuumi,***O**O*OOOOO*O,8,7
J14e,Takakento,OO**O******OOOO,7,8
J14w,Kotoyusho,**O****O*O*O***,4,11
Ms1e,Chiyoarashi,*-O-O-O-*-O-*-,4,3
Ms1w,Tochimaru,O-O-OO--*-*--*,4,3
Ms2e,Kanno,-**-*-O-O-*-O-,3,4
Ms2w,Asanoyama,--------------,0,0
Ms3e,Nishikawa,-O*-*-*O--O-O-,4,3
Ms3w,Dewanoryu,--------------,0,0
Ms4e,Tsushimanada,O--O*-*-*O---O,4,3
Ms4w,Oshoma,*-O-O--**-O*--,3,4
Ms5e,Fukai,-**-O-O-O-*---*,3,4
Ms5w,Hokuseiho,-O-*-O-OO-O---*,5,2
Ms6e,Chiyonoumi,O--O-O-OO-O-*-,6,1
Ms6w,Chiyosakae,-O*--*-OO-O--O,5,2
Ms7e,Jokoryu,*--*-O-*-O*-*-,2,5
Ms7w,Kairyu,-*-OO-*--*-*-*,2,5
Ms8e,Tomokaze,O--**--O-O*-*-,3,4
Ms8w,Fujiseiun,*-*--**-O--O-O,3,4
Ms9e,Chiyonoo,-O-*-*-*-*-*-O,2,5
Ms9w,Kamito,-*O--OO--O-*O-,5,2
Ms10e,Asashiyu,--------------,0,0
Ms10w,Asagyokusei,*-*-*-O--O-OO-,4,3
Ms11e,Akiseyama,O-O--*-*-O-*-O,4,3
Ms11w,Shiden,-O-O*-O--*-O--O,5,2
Ms12e,Roga,-*O--O-O-O-O--O,6,1
Ms12w,Hokaho,-*-O-*-*-*-*-*,1,6
Ms13e,Tamashoho,-O*--O*--*-*--*,2,5
Ms13w,Wakatakamoto,*--*O-*-*-O---O,3,4
Ms14e,Shonannoumi,O-O-O--*-*-O--O,5,2
Ms14w,Osanai,O-O-*--O-%-*--*,4,3
Ms15e,Kotoozutsu,*-*--**-*-O---*,1,6
Ms15w,Tanabe,-*O--*-O*--*-*,2,5
Ms16e,Tosamidori,-O*-*-O--*-O-*,3,4
Ms16w,Kainoshima,O--*O--*O--*O-,4,3
Ms17e,Ichiki,*-----O-O--O--O,4,1
Ms17w,Shishi,-O-OO-*-O-O--O,6,1
Ms18e,Yutakasho,-**--O-O-O-**-,3,4
Ms18w,Otsuji,*-O--O-O-#----,3,2
Ms19e,Daiseiryu,O--*O-*-*-*--*,2,5
Ms19w,Fujitoshi,-**--**-O--O-O,3,4
Ms20e,Hamayutaka,-O-O*--*-O-O--*,4,3
Ms20w,Yuki,O--*-*-*-OO---*,3,4
Ms21e,Tochikodai,*-O-*-*--**---O,2,5
Ms21w,Mineyaiba,--------------,0,0
Ms22e,Tsukahara,-O-OO-O-*--O--*,5,2
Ms22w,Hikarifuji,-*O-*-O-O-O-O-,5,2
Ms23e,Onojo,*-*--O-O-*-*-O,3,4
Ms23w,Narutaki,O--O-*O-*-*-O-,4,3
Ms24e,Asabenkei,-*O-O--*-*-O*-,3,4
Ms24w,Tochiseiryu,-O-*-O*-*--O-O,4,3
Ms25e,Aozora,*-*-*--**-*-O-,1,6
Ms25w,Kotohaguro,O--*-*-*-*O--O,3,4
Ms26e,Shohoryu,-**-O-O--O-*-*,3,4
Ms26w,Hatooka,-O-O-O-OO-*--*,5,2
Ms27e,Suzuki,O--O-O-*-*-O*-,4,3
Ms27w,Kirinofuji,*-O-*-O-O-O---*,4,3
Ms28e,Sasakiyama,-O-*O--O*--O--*,4,3
Ms28w,Tsurubayashi,O-*--OO--O*---O,5,2
Ms29e,Maikeru,-*-O-**--O-*-*,2,5
Ms29w,Kotodaigo,--------------,0,0
Ms30e,Ryusei,*--*O-*--O*--O,3,4
Ms30w,Fujiazuma,-OO--*-*O-*-*-,3,4
Ms31e,Kaizen,-**-*--O-O-**-,2,5
Ms31w,Tokunomusashi,O--O-*-OO-*--O,5,2
Ms32e,Nihonyanagi,*-O-O-*-*-O-O-,4,3
Ms32w,Wayama,-O*-*--*-**--*,1,6
Ms33e,Mudoho,-*-*-*-**-*-*-,0,7
Ms33w,Kototsubasa,*--O*--O-*-OO-,4,3
Ms34e,Kitadaichi,O--*-OO-O--*--O,5,2
Ms34w,Kinbozan,-OO--OO-O-O-O-,7,0
Ms35e,Oyamatoumi,-*O-O-*--O-**-,3,4
Ms35w,Tokisoma,*-*--O-*-*-O-*,2,5
Ms36e,Oshoryu,O--O*-O-*--O-*,4,3
Ms36w,Nishinoryu,-O-*-*-O-O*--*,3,4
Ms37e,Nionoumi,-*-O-OO--*-*O-,4,3
Ms37w,Fukushima,-*-*-*-O-*-*-O,2,5
Ms38e,Irodori,--------------,0,0
Ms38w,Kyokutaisei,-O*-----------,1,1
Ms39e,Tochikamiyama,O-O-O-*--OO---O,6,1
Ms39w,Mugendai,*-O--*-O-*-*O-,3,4
Ms40e,Kitaharima,*-*--OO-O-O--*,4,3
Ms40w,Naya,O--**--*-O*--*,2,5
Ms41e,Tennozan,-**-*--O*--O-O,3,4
Ms41w,Tokihayate,-O-O-**-*--O-O,4,3
Ms42e,Tochinobori,O--O-OO-*--O--O,6,1
Ms42w,Yoshii,*-O-O--*-*O-*-,3,4
Ms43e,Daiyusho,-O-*O--O*--O-O,5,2
Ms43w,Roman,----------O---*,1,1
Ms44e,Chiyoraizan,-*O--**-O-O-O-,4,3
Ms44w,Arauma,O--**-O--OO-O-,5,2
Ms45e,Taiga,*-*-O--*-*-*--O,2,5
Ms45w,Hokutenkai,--------------,0,0
Ms46e,Oki,-*O--OO-O-O---O,6,1
Ms46w,Nabatame,-O-O*--*O--**-,3,4
Ms47e,Oginohama,O--*-O*-*-*---*,2,5
Ms47w,Awanokuni,*-*-*--*O--O--O,3,4
Ms48e,Shinohara,--------------,0,0
Ms48w,Dewataikai,-**-O-*--O-*O-,3,4
Ms49e,Tatsukaze,-O-OO-*--O*-*-,4,3
Ms49w,Hodaka,--------------,0,0
Ms50e,Ohata,O-*--*-O*--O*-,3,4
Ms50w,Hoshuzan,*-O--O-O-**--*,3,4
Ms51e,Ishizaki,*--O-*O-O-O---*,4,3
Ms51w,Daikisho,O-O-O-O-*-O---*,5,2
Ms52e,Hokutoshu,-O-*-OO--O*---O,5,2
Ms52w,Akitoba,-*-*O--*-O-*--O,3,4
Ms53e,Mukainakano,-O-O*--OO--O--*,5,2
Ms53w,Moji,-*O--**--*-*--*,1,6
Ms54e,Okinofuji,O--OO-*-*-*-O-,4,3
Ms54w,Onokura,*-*-*--O-*O---*,2,5
Ms55e,Katsunofuji,*-*--*-**-O---O,2,5
Ms55w,Asakoki,O--*-*-OO--*-O,4,3
Ms56e,Obara,-----O-*-O-O*-,3,2
Ms56w,Oshoumi,--------------,0,0
Ms57e,Wakanoumi,O-O-*-*-*-*-*-,2,5
Ms57w,Haruminato,*-O--O-*-O*-O-,4,3
Ms58e,Dewanojo,-*-**-O--**--*,1,6
Ms58w,Kawabuchi,-O*--*-O-*-*--*,2,5
Ms59e,Hokutoryu,-O-*-O*-*-O-O-,4,3
Ms59w,Kototaiki,-*-O*--*-*-*-O,2,5
Ms60e,Chiyooga,-O-O-OO-O-*---O,6,1
Ms60w,Amanoshima,-*O-O--O*--O*-,4,3
Sd1e,Kaigo,-**-O--OO-O--*,4,3
Sd1w,Sakaekaze,-O-O-*O--*-OO-,5,2
Sd2e,Rao,*--*O-*--O-O*-,3,4
Sd2w,Kaiseijo,O--*-O-*-*O-O-,4,3
Sd3e,Itadaki,--------------,0,0
Sd3w,Wakazakura,*--O-*-OO--*-O,4,3
Sd4e,Hayatefuji,O--OO-*-O--*-O,5,2
Sd4w,Oginosho,O--*-O*--O-*-*,3,4
Sd5e,Hitachigo,*--**-*-O--O--O,3,4
Sd5w,Hakuonada,-O-O*-O-*-O---*,4,3
Sd6e,Sakigake,-*-O-*O-*-*-*-,2,5
Sd6w,Asonoyama,*-O-O--OO--O--*,5,2
Sd7e,Kotoryusei,O--*-*-*O--O*-,3,4
Sd7w,Fujikawa,-**-*-O--O-*O-,3,4
Sd8e,Tanakayama,-O-O-*-*-*O--*,3,4
Sd8w,Hokutomaru,*-O-*--**-*--O,2,5
Sd9e,Shosei,O--*-O*-O--O--O,5,2
Sd9w,Denuma,-O-*O--**-*---O,3,4
Sd10e,Akinoyama,-**-O-*--*O--*,2,5
Sd10w,Suguro,O--O-O*-----O-,4,1
Sd11e,Saionji,*-*--O-O-O*-*-,3,4
Sd11w,Fukamiyama,--------------,0,0
Sd12e,Kotodairyu,-*O-*-O-O--O-*,4,3
Sd12w,Kaishin,-O-O*--O-O-*-O,5,2
Sd13e,Shuji,O--*-OO-O-*--O,5,2
Sd13w,Tsugaruumi,*-O-*--O*-*---*,2,5
Sd14e,Yuma,-O-*-*-*-OO--O,4,3
Sd14w,Takeoka,-**--*-**-*-*-,0,7
Sd15e,Omoto,O--OO-O-O-*-O-,6,1
Sd15w,Kisenoumi,*-O-O-*--O-**-,3,4
Sd16e,Daishoki,-O-*-*-O-*-OO-,4,3
Sd16w,Hokutokawa,-**-----------,0,2
Sd17e,Amakaze,*-O--OO--*-O--O,5,2
Sd17w,Chiyodaigo,O--OO-*-*-*--*,3,4
Sd18e,Chiyotora,-O-O-*-O-*-*O-,4,3
Sd18w,Kaishinmaru,-**--**-O-O--O,3,4
Sd19e,Sakai,O--*O-O--*O--*,4,3
Sd19w,Daihisho,*-O-*--OO--O--*,4,3
Sd20e,Yamato,-**--O-*-**--*,1,6
Sd20w,Akiyoshi,-O-**--**-*---O,2,5
Sd21e,Komanokuni,O--O*--**--*--O,3,4
Sd21w,Goshimaru,*-O-O-*--*-*-*,2,5
Sd22e,Azumasho,-**--*-O-OO--O,4,3
Sd22w,Kotonofuji,-O-**-*-O--O*-,3,4
Sd23e,Hinataryu,O--O-OO-*-O---*,5,2
Sd23w,Asatenmai,*-*--OO--O-*-O,4,3
Sd24e,Yanagida,-O-O-*-**-*---*,2,5
Sd24w,Kenyu,-*O-O-*--*-*-O,3,4
Sd25e,Miyagi,O--*O-O--OO-*-,5,2
Sd25w,Kiyonoumi,*-O--O-O-O-*--O,5,2
Sd26e,Kyoda,-O-**--OO-O---*,4,3
Sd26w,Dainichido,-**-O-O--O-O--*,4,3
Sd27e,Okinohama,*--**--O*-O--O,3,4
Sd27w,Dairaido,O--O-O*--*-*-*,3,4
Sd28e,Daishosei,-*-O-*-*-*-OO-,3,4
Sd28w,Anzai,--------------,0,0
Sd29e,Marusho,-O-*-**-O--O*-,3,4
Sd29w,Kiryuko,O--OO-O-O-O-*-,6,1
Sd30e,Oba,*-O--O-*O-*-O-,4,3
Sd30w,Asahanshin,-**--*-*O--*--*,1,6
Sd31e,Araoyama,-O-**-O-*-O-O-,4,3
Sd31w,Wakakinsho,*-*--O*--OO-*-,3,4
Sd32e,Sazanami,O--O*--O-O*---O,5,2
Sd32w,Tamakongo,-*O-O--O-O-O--O,6,1
Sd33e,Saidaiji,--------------,0,0
Sd33w,Takabayama,--------------,0,0
Sd34e,Kototakuya,-OO--OO-*--O--*,5,2
Sd34w,Kainishiki,--------------,0,0
Sd35e,Keitenkai,*-O-O--*-O*--O,4,3
Sd35w,Tsunekawa,O-*--*-*O-*--*,2,5
Sd36e,Sakurai,-O-**--O-O-O--*,4,3
Sd36w,Taiyo,--------------,0,0
Sd37e,Toshoyama,-**-*-O-*-O-*-,2,5
Sd37w,Kotonoshu,*-*-O--**--O-O,3,4
Sd38e,Sakabayashi,--------------,0,0
Sd38w,Mishima,O--*-OO--*O--O,5,2
Sd39e,Kanryu,-O-O-**--**--*,2,5
Sd39w,Kotakiyama,-*O--*-*-**---*,1,6
Sd40e,Akashifuji,*-*-*-*-*-*-O-,1,6
Sd40w,Nobehara,O--O-O*-O-O---O,6,1
Sd41e,Ebisumaru,-*O--OO-*--*-*,3,4
Sd41w,Ryutsukasa,-O-O-**--**--*,2,5
Sd42e,Mitozakura,*-*-O--O-*O-O-,4,3
Sd42w,Kiyota,O--*O-*-O--*-O,4,3
Sd43e,Tokinohira,-O-O-*O--*-O--O,5,2
Sd43w,Shoji,-*O-*--O*-O-*-,3,4
Sd44e,Izumigawa,O--*O--O-*-**-,3,4
Sd44w,Ryuseiyama,*-*--*-**-O---O,2,5
Sd45e,Azumasato,-O-**-*-O-*--O,3,4
Sd45w,Taranami,-*O-O--*-O-O-*,4,3
Sd46e,Sadanohikari,O--O-O-O*--*--O,5,2
Sd46w,Kamitani,*-O-*-O-*--OO-,4,3
Sd47e,Hakuomaru,-O-*-O*-O--O--*,4,3
Sd47w,Senho,-**--O-*-OO--*,3,4
Sd48e,Hogasho,O-O-O--*-O-*-*,4,3
Sd48w,Ginseizan,*--**--O-*-*--*,1,6
Sd49e,Inoue,-O-O*-O--O-O--O,6,1
Sd49w,Chiyonokatsu,-*-O-*-O-*-*-O,3,4
Sd50e,Mukaida,O-*--*-O-O-*O-,4,3
Sd50w,Dewanosora,*-*-O-*-O-*--*,2,5
Sd51e,Sugawara,-O-O-*O--**-*-,3,4
Sd51w,Masuminato,-*O--O*-O--O-O,5,2
Sd52e,Hokutoiwa,*-O-*--*-O*-O-,3,4
Sd52w,Daishomune,O--*-*O-*--O-O,4,3
Sd53e,Kotodaishin,-O-*O--O-O-O--*,5,2
Sd53w,Kyokuhozan,-**-O-O--*-*--O,3,4
Sd54e,Kojikara,*-*-*--*O-O-*-,2,5
Sd54w,Tomiyutaka,O--O-OO-O-*---O,6,1
Sd55e,Genkaiho,-O-O-*-*-OO---O,5,2
Sd55w,Fujinowaka,-*O--O-OO--*--O,5,2
Sd56e,Oshozan,O--**-*-*-*---O,2,5
Sd56w,Tatsuguchi,*-O--**--*-O--*,2,5
Sd57e,Toyoshimizu,-**-*--OO-O--*,3,4
Sd57w,Shoketsu,-O-*O--*-*-O*-,3,4
Sd58e,Nishikiryu,*-O--O-*-O-*O-,4,3
Sd58w,Nishikikuni,O--*-OO-*-O---*,4,3
Sd59e,Murayama,-**-O-O-O-*-O-,4,3
Sd59w,Mihamaumi,-O-O-O*--*-**-,3,4
Sd60e,Aratakayama,*-O--*-O*--*--*,2,5
Sd60w,Kaorufuji,O--OO-O-O-*---*,5,2
Sd61e,Kenshin,-**--O-*-OO-*-,3,4
Sd61w,Chiyotaiho,-O-O*--O-O-O--*,5,2
Sd62e,Hokuyozan,*-*--*O-*--*--*,1,6
Sd62w,Mochizuki,O--*O-*-O--O--*,4,3
Sd63e,Matsuda,-O-O-O*--**-O-,4,3
Sd63w,Aoi,-*O-*--*-*-O-O,3,4
Sd64e,Hamanoumi,O--*O--**-*---O,3,4
Sd64w,Taichiyama,*-O--*-OO-O---*,4,3
Sd65e,Tatsuki,-**-O-O--**--*,2,5
Sd65w,Kinotsukasa,-O-O-*-OO--*--O,5,2
Sd66e,Ryubumaru,*-O-*-*--O-*-O,3,4
Sd66w,Hagiwara,--------------,0,0
Sd67e,Teraoumi,O--*-O-O-OO---O,6,1
Sd67w,Hokutoo,-**-*-*-*-*-*-,0,7
Sd68e,Asanojo,-O-O-OO-*-*--*,4,3
Sd68w,Amane,*-*-O--*-OO--O,4,3
Sd69e,Chiyotenfu,O--*-**--O-OO-,4,3
Sd69w,Nishida,-*O--O-**--O*-,3,4
Sd70e,Ryuki,-O-*O--*-O-*-*,3,4
Sd70w,Honma,O--O-*O-*-O---*,4,3
Sd71e,Meiko,--------------,0,0
Sd71w,Baraki,*-O-*--OO--**-,3,4
Sd72e,Kiryu,-**-*--*O--*--O,2,5
Sd72w,Mori,-O-O-#-----*-*,2,3
Sd73e,Raiho,O--*O--O-O*--O,5,2
Sd73w,Amatsu,*-O--O*-*--*-O,3,4
Sd74e,Tokio,-O-O-%*--*-O--O,5,2
Sd74w,Yurikisho,-**-O-O-*-*--O,3,4
Sd75e,Shunrai,O--**-*--*-**-,1,6
Sd75w,Asakoga,*-O--**--**---O,2,5
Sd76e,Kototaiga,-O-O-O-**-*-O-,4,3
Sd76w,Yamenosato,-**-*--O-*-O-*,2,5
Sd77e,Tokiryu,*-*-*--*O-O--*,2,5
Sd77w,Akatsuki,O--*-*O-O--O*-,4,3
Sd78e,Hokutosakae,-*O--O*--OO--O,5,2
Sd78w,Yoshiazuma,-O-*O--OO-O-*-,5,2
Sd79e,Asahabataki,*-*-O-O--*-O-O,4,3
Sd79w,Sadanokuni,O--O-*O--*-OO-,5,2
Sd80e,Nagata,-*O-*-O-O-*-O-,4,3
Sd80w,Kaiho,-O-O-*-*-*O--*,3,4
Sd81e,Soga,O--*-O-O-O-*-*,4,3
Sd81w,Chiyotaisei,*-O-*-*--OO-*-,3,4
Sd82e,Hokutohiro,-**-*--O-*-*O-,2,5
Sd82w,Oka,-O-O-O-O*--OO-,6,1
Sd83e,Kaiyuma,*--*O-O-*-*--O,3,4
Sd83w,Musashiumi,O--*-*-O-O-**-,3,4
Sd84e,Kotomyozan,-O*-O--**-*--*,2,5
Sd84w,Sakurafuji,-*-O-*-*-O-O-*,3,4
Sd85e,Ryuseio,O-O-*-O--O*---O,5,2
Sd85w,Chiyokozan,*-*--*-O*--OO-,3,4
Sd86e,Kayatoiwa,-*O--O*-O--*O-,4,3
Sd86w,Setonoumi,-O-OO-O-*-O---*,5,2
Sd87e,Chura,O--*O--O-*-O--*,4,3
Sd87w,Akisada,*-O--O*--O-O--*,4,3
Sd88e,Ienoshima,-O-**-*-O-O--O,4,3
Sd88w,Ishii,-**--O-*-O-**-,2,5
Sd89e,Gorikiyama,O--OO-*--OO---O,6,1
Sd89w,Inaba,*-*--O-O-*O--O,4,3
Sd90e,Wakaazuma,-*O--*-*-*-*--*,1,6
Sd90w,Fujinotani,-O-O*--*O--*-*,3,4
Sd91e,Genbumaru,--------------,0,0
Sd91w,Tokitora,#-------------,0,1
Sd92e,Furanshisu,%--*O-O--**-O-,4,3
Sd92w,Miyata,-OO--*O-O-O---O,6,1
Sd93e,Tsubakifuji,-*-O*--O*-*-*-,2,5
Sd93w,Chiyoresshi,-*-*-*-O-O-O*-,3,4
Sd94e,Sumanoumi,-O*-*-*--O*-O-,3,4
Sd94w,Koki,O-O--O*-*-O-*-,4,3
Sd95e,Hagane,*--OO-*--*-*--O,3,4
Sd95w,Miyakogawa,-O*--*O--O-*-*,3,4
Sd96e,Mimurodake,-*-*O--*-*-O--*,2,5
Sd96w,Asaobora,*-*-*--**-O---O,2,5
Sd97e,Tokinosato,O--*-O-O*-*-*-,3,4
Sd97w,Minorufuji,-*O--**--*-*--O,2,5
Sd98e,Sekizuka,-O-**--OO--OO-,5,2
Sd98w,Akatora,*-*--*-*O--O--*,2,5
Sd99e,Tenei,O--*-O-**-O--O,4,3
Sd99w,Denzan,-*O-O-*--OO--*,4,3
Sd100e,Kawamura,*-O-O--O-O*--O,5,2
Sd100w,Takano,-**--OO--*O-O-,4,3
Sd100TD,Hatsuyama,O--O-*O-O-*---O,5,2
Sd100TD,Kanzaki,-O-O-OO-O-O-O-,7,0
Jd1e,Chiyohokkai,-O-OO-*--*-O-O,5,2
Jd1w,Ieshima,O-O-*--*O--*O-,4,3
Jd2e,Biganzan,-OO--OO-O-*---*,5,2
Jd2w,Tochigidake,*--O*--O-O-*-*,3,4
Jd3e,Suzaki,-*-*O-*-*--O--O,3,4
Jd3w,Tsukubayama,O-*--O-*-**---*,2,5
Jd4e,Hokutoyoshi,*-O--*-*O--*--O,3,4
Jd4w,Asashinjo,-O*--*O-*--O-O,4,3
Jd5e,Mizuno,-**-*-O--O*---O,3,4
Jd5w,Miyanofuji,*-*-O--O-*O-*-,3,4
Jd6e,Makio,O--O-*-OO--O*-,5,2
Jd6w,Takanoryu,-*O--O*-*-O-*-,3,4
Jd7e,Asaazuma,-O-**--*-*-*--*,1,6
Jd7w,Hidano,O--O-*O-*--O-*,4,3
Jd8e,Yamane,--------------,0,0
Jd8w,Asasorai,*-*-*-*-*-*-O-,1,6
Jd9e,Hokutoyakumo,-O-*O--O-O-*--*,4,3
Jd9w,Asakiryu,-*-O*-O--O-O-O,5,2
Jd10e,Hamasu,--------------,0,0
Jd10w,Iko,O-O--O-*-*-*O-,4,3
Jd11e,Goseiryu,*-O-O--*O--*-*,3,4
Jd11w,Hokutoizumi,-O*--**-O-*---*,2,5
Jd12e,Hamadayama,-*-**-O--O*---*,2,5
Jd12w,Chiyoshishi,*--*O--OO--O--O,5,2
Jd13e,Nakashima,O-O--O-OO-O-O-,7,0
Jd13w,Oazuma,-O*--O*-*-O--O,4,3
Jd14e,Ayaminato,-*-OO--O-*-O-*,4,3
Jd14w,Chiyotaiyo,*--O*-*-*-O--O,3,4
Jd15e,Amamidake,O-*--*-*-*-*--*,1,6
Jd15w,Yoshino,-OO--*O--O*---*,4,3
Jd16e,Kototaisei,-*-*O--O-*-O*-,3,4
Jd16w,Kirizakura,*--**-*-O-*---O,2,5
Jd17e,Kiyonohana,O--*-O-*-O-*-*,3,4
Jd17w,Onofuji,-*-O-*O--*-*--O,3,4
Jd18e,Nakaishi,-O-O*-O-O-O-O-,6,1
Jd18w,Takashoki,*-*--O-*-OO--O,4,3
Jd19e,Sawayaka,O-*--O*-*-O-O-,4,3
Jd19w,Tochimitsuru,-OO-O--O*--*--O,5,2
Jd20e,Tochinoshima,O--O*-O-*--*-O,4,3
Jd20w,Yukiamami,-*O--O*--O-O--*,4,3
Jd21e,Hokutoshio,*-O--*-*-*-O-*,2,5
Jd21w,Kakutaiki,-O-*O-O--*O---O,5,2
Jd22e,Asahimaru,-**--*-**-O--*,1,6
Jd22w,Bushi,*--O*--OO--*-*,3,4
Jd23e,Mogamizakura,O-O-O--*-OO---O,6,1
Jd23w,Taniguchi,-*-*-*-O*--O--O,3,4
Jd24e,Chiyoyamato,-O*-O-*--O-O-O,5,2
Jd24w,Iitsuka,*--O*-O--**---*,2,5
Jd25e,Kenho,--------------,0,0
Jd25w,Abe,O-*--O-*-**-*-,2,5
Jd26e,Toramusashi,-*-*-O*--OO-*-,3,4
Jd26w,Koshinoryu,-OO-*--*-O*--*,3,4
Jd27e,Kazunofuji,*--*-**-O--*--*,1,6
Jd27w,Tsukioka,O-*--**-O-*---*,2,5
Jd28e,Wakahizen,-OO-O--*O--O--*,5,2
Jd28w,Suonada,-*-O*-O-*--O-O,4,3
Jd29e,Yasunishi,O--*O--O*-O--*,4,3
Jd29w,Kototora,*-O--O-O-O*--O,5,2
Jd30e,Fujimusashi,-O-O*-O--*-O--*,4,3
Jd30w,Nakai,--------------,0,0
Jd31e,Maenofuji,-**--O-*-*O-O-,3,4
Jd31w,Miyabishin,%--OO--OO-*-*-,5,2
Jd32e,Daisho,#-------------,0,1
Jd32w,Tsugunohana,-*O--*-OO-*-O-,4,3
Jd33e,Tochihayate,-O-*-**--O-*--O,3,4
Jd33w,Sadanogo,--------------,0,0
Jd34e,Tenichi,-**-O-O-*--*--*,2,5
Jd34w,Fujiyuho,-O-*-O*--O-O-*,4,3
Jd35e,Tanimoto,O--O-*-OO-*---O,5,2
Jd35w,Yamana,--------------,0,0
Jd36e,Hokutonami,*-O-*-O-O--*-*,3,4
Jd36w,Ogitora,-O-O-O-*-O*--O,5,2
Jd37e,Matsugi,-**-*-O--**--O,2,5
Jd37w,Tamanowaka,*-*--O*-O--O*-,3,4
Jd38e,Shinyashiki,O--*O--*-**---O,3,4
Jd38w,Matsugashima,-O-**-*-*--*--O,2,5
Jd39e,Kairo,-*O--*-O-O-*-O,4,3
Jd39w,Kotokiho,O--O*-*--*O-O-,4,3
Jd40e,Hokutoshin,*-O-O--O*--O-*,4,3
Jd40w,Akinishiki,-**--*O-*--O-O,3,4
Jd41e,Takakurayama,--------------,0,0
Jd41w,Miyakojima,--------------,0,0
Jd42e,Ishiazuma,-O-*-OO--*-**-,3,4
Jd42w,Wakatanaka,*-O--*O--*-OO-,4,3
Jd43e,Hienriki,O--OO--O*-O---*,5,2
Jd43w,Kenshomaru,--------------,0,0
Jd44e,Motokiyama,-O-*-O-**-*--*,2,5
Jd44w,Tochikasuga,-**-O--*O--OO-,4,3
Jd45e,Hatachijo,*-O--O-*-O*-*-,3,4
Jd45w,Tagomaru,O--O*-O--*-**-,3,4
Jd46e,Kogomaru,-**-*-*-------,0,4
Jd46w,Kitanomine,-O-OO--O*--O--O,6,1
Jd47e,Daijo,*-*--OO-O-O--O,5,2
Jd47w,Teraosho,O--*-*-*-**---*,1,6
Jd48e,Wakakaneko,-O-O*--O-O-*-*,4,3
Jd48w,Ariake,-*O--O*-O-O---O,5,2
Jd49e,Hakuyo,O--*O-O--O-*--O,5,2
Jd49w,Adachi,*-O--**--O-*O-,3,4
Jd50e,Takemaru,-O-**--O*-O-O-,4,3
Jd50w,Mabuchi,-**--*-OO--*-O,3,4
Jd51e,Reonmaru,*-------------,0,1
Jd51w,Shoryudo,-**--OO--**-*-,2,5
Jd52e,Fujiizumi,--------------,0,0
Jd52w,Shimanishiki,O--OO--*-*-O--*,4,3
Jd53e,Nishikimaru,-O-O*-*-*--*-*,2,5
Jd53w,Asadoji,*-O--O*-O-*-O-,4,3
Jd54e,Oatari,O--**--**-O---O,3,4
Jd54w,Nishihara,--------------,0,0
Jd55e,Satsumao,-O*--*-*-*O---*,2,5
Jd55w,Shinzan,-*-*-*-**-O-O-,2,5
Jd56e,Wakatozakura,*--O-*O-O--O--*,4,3
Jd56w,Fukuazuma,O-O-O--*-O-O-O,6,1
Jd57e,Tatsunoumi,*-*--O*--O-O*-,3,4
Jd57w,Daishohama,O-*-O-O--*-*-*,3,4
Jd58e,Seigo,O-O-O--OO-O-*-,6,1
Jd58w,Hirose,*-O--OO-O-*-O-,5,2
Jd59e,Kotoegashira,-*-*-*-OO-O--O,4,3
Jd59w,Shogun,--------------,0,0
Jd60e,Shunkaku,-O-**--O-O-O*-,4,3
Jd60w,Ito,*--O-*-O*--O-O,4,3
Jd61e,Kainowaka,O--O*-*--*O---*,3,4
Jd61w,Fujinonami,-*O-O-*--OO--O,5,2
Jd62e,Kotetsu,-O-OO--OO-O-O-,7,0
Jd62w,Fujinoteru,--------------,0,0
Jd63e,Umizaru,O--*-OO-*--*--O,4,3
Jd63w,Urutora,*-*--*-**-*-*-,0,7
Jd64e,Nihonmatsu,-**-O--O-O*--*,3,4
Jd64w,Chiyotaiko,-O-O*-O--OO--*,5,2
Jd65e,Asashorei,O--*-O*--*-*--*,2,5
Jd65w,Byakuen,*-O-O-*--**---O,3,4
Jd66e,Azumayama,-O*--**-*-*-*-,1,6
Jd66w,Wakayahara,-*-O*--**--*-O,2,5
Jd67e,Aoifuji,O-O--O-*-*O--*,4,3
Jd67w,Chikunokura,*--*-OO--O-OO-,5,2
Jd68e,Okanojo,O-*-*-*-O-O-*-,3,4
Jd68w,Naniwamusashi,*--**--O-O-*-*,2,5
Jd69e,Ouzakura,-*-OO-O-*-*-*-,3,4
Jd69w,Tairikuyama,-OO--*O--*-**-,3,4
Jd70e,Fukuminato,-OO--O-*O--O*-,5,2
Jd70w,Masakifuji,-*-*O--*-*-O-*,2,5
Jd71e,Satonofuji,*-*-O-*-O-*--O,3,4
Jd71w,Chikureisen,O-*--O*--OO-*-,4,3
Jd72e,Kurokage,-*-O-*O-*--OO-,4,3
Jd72w,Wakaseido,--------------,0,0
Jd73e,Takeazuma,-O-O-*-*-*-*-O,3,4
Jd73w,Fubu,*-O--*-OO-*-O-,4,3
Jd74e,Tamatensho,O--*O-*--OO---O,5,2
Jd74w,Matsumoto,-*O--O-O-O-*--*,4,3
Jd75e,Kyokushozan,-O-O-O-O*--O*-,5,2
Jd75w,Mogaminishiki,*-*-*--*O-*--*,1,6
Jd76e,Shokeima,-O-**--O-*-OO-,4,3
Jd76w,Wakayutaka,O-*-O-O-*--*O-,4,3
Jd77e,Maniwayama,-*-O*-*-*-O---*,2,5
Jd77w,Wakayamanaka,--------------,0,0
Jd78e,Azumanami,-OO--*-*-**--*,2,5
Jd78w,Daishojo,-*-**--**-O-O-,2,5
Jd79e,Tsuyasato,*-O--O-OO--*-*,4,3
Jd79w,Asanotosa,O--OO-O-*-*-O-,5,2
Jd80e,Boshuyama,O--*-*-*-OO-*-,3,4
Jd80w,Okunidake,*-*--OO--O*--O,4,3
Jd81e,Sadanojo,-**--*-O-*-*--#,1,6
Jd81w,Takabaho,-O-**-*--*-*--O,2,5
Jd82e,Ai,O--O*--OO-*--O,5,2
Jd82w,Chiyooume,*-O-O-O--*-O*-,4,3
Jd83e,Hokutosato,-*O--*O-*--O-*,3,4
Jd83w,Chiyotensho,-O-O*--*-O-*-*,3,4
Jd84e,Gaia,*-*--*-O-OO--O,4,3
Jd84w,Takasu,O--*-O*-O--*O-,4,3
Jd85e,Watatani,-OO-O-*-*--O-*,4,3
Jd85w,Nankairiki,--------------,0,0
Jd86e,Higonoryu,-*-*-O*--O-*--O,3,4
Jd86w,Wakaikki,O-*-*-O-O--O*-,4,3
Jd87e,Kokuryunami,*--O-O-O-O*--*,4,3
Jd87w,Kyonosato,-**-%-*-O-*---*,2,5
Jd88e,Tsurunoumi,-O-O-O-*-*-**-,3,4
Jd88w,Zendaisho,*-O-O--*-*O--O,4,3
Jd89e,Sakura,-O-*-*O-*--O*-,3,4
Jd89w,Asanoshima,O-*-*-O-O--O-O,5,2
Jd90e,Miyabi,-*-*#--*O--O-O,3,4
Jd90w,Iwata,--------------,0,0
Jd91e,Zuiko,O-O--*-O-OO-*-,5,2
Jd91w,Kyokutaiga,*--OO-O--OO-*-,5,2
Jd92e,Sawada,-OO--O-O*-*-O-,5,2
Jd92w,Okuniyama,-*-O-O-**-*---O,3,4
Jd93e,Nishikio,O-*-*-*--*-O--*,2,5
Jd93w,Wakafujioka,*--*O--O-*-*--O,3,4
Jd94e,Kototaiko,-*O--*-*O-*---O,3,4
Jd94w,Hitoshi,--------------,0,0
Jd95e,Kaihiryu,-O-O-**--O-O-O,5,2
Jd95w,Hishuyama,O--*O-*--O-*-*,3,4
Jd96e,Agazumazakura,*-*-*--#------,0,4
Jd96w,Chiyofuku,-O-O-*O--*-*O-,4,3
Jd97e,Sawanofuji,-*-O-O-O-*-O--*,4,3
Jd97w,Moriurara,*--*O-*-*-*-*-,1,6
Jd98e,Daitensho,O--*-*-*-OO--O,4,3
Jd98w,Ojiyama,-OO--O-*-O-*--O,5,2
Jd99e,Sonoshun,-**-*--%-*O---*,2,5
Jd99w,Masutani,O-*-O--*-*-O-*,3,4
Jd100e,Terunosato,*-O--*O-O-*-O-,4,3
Jd100w,Koga,-*-**-O--*O---O,3,4
Jk1e,Tamanotora,-O*-*--O*--*-*,2,5
Jk1w,Yoshinofuji,*--O-O-O-*-*--O,4,3
Jk2e,Daitenshin,O-O--*O-*-O---O,5,2
Jk2w,Mihonoumi,-O-O-O-*-O*---*,4,3
Jk3e,Kinseiryu,-*O-*-O-O--O-*,4,3
Jk3w,Hoshinofuji,#-------------,0,1
Jk4e,Kirinohana,%--*O--*-*-*--*,2,5
Jk4w,Kato,--------------,0,0
Jk5e,Shishimaru,-O-O-**-*--O*-,3,4
Jk5w,Itakozakura,-**-O-O-*--*--*,2,5
Jk6e,Kirimaru,O--**-*--O-O*-,3,4
Jk6w,Sawaisamu,*-*--O*-*-*---%,2,5
Jk7e,Takatsukasa,-O-*O--**-O-*-,3,4
Jk7w,Kotorikisen,-------------O,1,0
Jk8e,Wakaonehara,--------------,0,0
Jk8w,Takataisho,------------O-,1,0
Jk9e,Machi,--------------,0,0
Jk9w,Matsuzawa,-*O-*-*--*-O--*,2,5
Jk10e,Kototebakari,O--O-O-OO-O-O-,7,0
Jk10w,Toseiryu,*-*--OO-O-*--O,4,3
Jk11e,Daiseizan,-*O-O--OO--OO-,6,1
Jk11w,Wakanosho,-O-*O--O-OO-O-,6,1
Jk12e,Hanafusa,-O-O-*-*-OO-O-,5,2
Jk12w,Satsumasho,-*O-*-O-O---OO,5,2
Jk13e,Kotokenryu,-O-O-O-OO-O-O-,7,0
Jk13w,Takatairiku,-**-*-*-*-*--*,0,7
Jk14e,Higohikari,*---O**--*-*--*,1,6
Jk14w,Chiyotsurugi,O--*-*--OO*---O,4,3
